<project toolsVersion="5.0">
  <dependency name="repo_build" linkPath="../../_repo/deps/repo_build">
    <package name="repo_build" version="0.40.0"/>
  </dependency>
  <dependency name="repo_ci" linkPath="../../_repo/deps/repo_ci">
    <package name="repo_ci" version="0.5.1" />
  </dependency>
  <dependency name="repo_changelog" linkPath="../../_repo/deps/repo_changelog">
    <package name="repo_changelog" version="0.3.0" />
  </dependency>
  <dependency name="repo_format" linkPath="../_repo/deps/repo_format">
    <package name="repo_format" version="2.7.0" />
  </dependency>
  <dependency name="repo_docs" linkPath="../../_repo/deps/repo_docs">
    <package name="repo_docs" version="0.37.0"/>
  </dependency>
  <dependency name="repo_kit_tools" linkPath="../../_repo/deps/repo_kit_tools">
    <package name="repo_kit_tools" version="0.12.18"/>
  </dependency>
  <dependency name="repo_licensing" linkPath="../../_repo/deps/repo_licensing">.
    <package name="repo_licensing" version="1.11.2" />
  </dependency>
  <dependency name="repo_man" linkPath="../../_repo/deps/repo_man">
    <package name="repo_man" version="1.32.1"/>
  </dependency>
  <dependency name="repo_package" linkPath="../../_repo/deps/repo_package">
    <package name="repo_package" version="5.8.5" />
  </dependency>
  <dependency name="repo_source" linkPath="../../_repo/deps/repo_source">
    <package name="repo_source" version="0.4.2"/>
  </dependency>
  <dependency name="repo_test" linkPath="../../_repo/deps/repo_test">
    <package name="repo_test" version="2.5.6"/>
  </dependency>
</project>
