[
  {
    "children": [
      {
        "children": [
          {
            "children": [
              {
                "children": [
                  {
                    "dock_id": 5,
                    "height": 540.0,
                    "position_x": 0.0,
                    "position_y": 20.571430206298828,
                    "selected_in_dock": false,
                    "title": "Main ToolBar",
                    "visible": true,
                    "width": 41.142860412597656
                  }
                ],
                "dock_id": 5,
                "position": "LEFT"
              },
              {
                "children": [
                  {
                    "dock_id": 6,
                    "dock_tab_bar_enabled": true,
                    "dock_tab_bar_visible": true,
                    "height": 540.0,
                    "position_x": 43.42857360839844,
                    "position_y": 20.571430206298828,
                    "selected_in_dock": true,
                    "title": "Viewport",
                    "visible": true,
                    "width": 710.2857666015625
                  }
                ],
                "dock_id": 6,
                "position": "RIGHT"
              }
            ],
            "dock_id": 1,
            "position": "LEFT"
          },
          {
            "children": [
              {
                "children": [
                  {
                    "dock_id": 3,
                    "dock_tab_bar_enabled": true,
                    "dock_tab_bar_visible": true,
                    "height": 211.42857360839844,
                    "position_x": 756.5714721679688,
                    "position_y": 20.571430206298828,
                    "selected_in_dock": true,
                    "title": "Stage",
                    "visible": true,
                    "width": 323.4285888671875
                  },
                  {
                    "dock_id": 3,
                    "height": 211.42857360839844,
                    "position_x": 756.5714721679688,
                    "position_y": 20.571430206298828,
                    "selected_in_dock": false,
                    "title": "Layer",
                    "visible": true,
                    "width": 323.4285888671875
                  },
                  {
                    "dock_id": 3,
                    "height": 211.42857360839844,
                    "position_x": 756.5714721679688,
                    "position_y": 20.571430206298828,
                    "selected_in_dock": false,
                    "title": "Render Settings",
                    "visible": true,
                    "width": 323.4285888671875
                  }
                ],
                "dock_id": 3,
                "position": "TOP"
              },
              {
                "children": [
                  {
                    "children": [
                      {
                        "dock_id": 9,
                        "dock_tab_bar_enabled": true,
                        "dock_tab_bar_visible": true,
                        "height": 164.0,
                        "position_x": 756.5714721679688,
                        "position_y": 234.2857208251953,
                        "selected_in_dock": true,
                        "title": "Property",
                        "visible": true,
                        "width": 323.4285888671875
                      }
                    ],
                    "dock_id": 9,
                    "position": "TOP"
                  },
                  {
                    "children": [
                      {
                        "dock_id": 10,
                        "dock_tab_bar_enabled": true,
                        "dock_tab_bar_visible": true,
                        "height": 160.0,
                        "position_x": 756.5714721679688,
                        "position_y": 400.5714416503906,
                        "selected_in_dock": true,
                        "title": "My Window",
                        "visible": true,
                        "width": 323.4285888671875
                      }
                    ],
                    "dock_id": 10,
                    "position": "BOTTOM"
                  }
                ],
                "dock_id": 4,
                "position": "BOTTOM"
              }
            ],
            "dock_id": 2,
            "position": "RIGHT"
          }
        ],
        "dock_id": 7,
        "position": "TOP"
      },
      {
        "children": [
          {
            "dock_id": 8,
            "dock_tab_bar_enabled": true,
            "dock_tab_bar_visible": true,
            "height": 157.1428680419922,
            "position_x": 0.0,
            "position_y": 562.857177734375,
            "selected_in_dock": true,
            "title": "Content",
            "visible": true,
            "width": 1080.0
          }
        ],
        "dock_id": 8,
        "position": "BOTTOM"
      }
    ],
    "dock_id": 3358485147
  },
  {
    "dock_id": 0,
    "height": 0.0,
    "position_x": 3.4028234663852886e+38,
    "position_y": 3.4028234663852886e+38,
    "selected_in_dock": false,
    "title": "Options",
    "visible": false,
    "width": 220.0
  },
  {
    "dock_id": 0,
    "height": 0.0,
    "position_x": 3.4028234663852886e+38,
    "position_y": 3.4028234663852886e+38,
    "selected_in_dock": false,
    "title": "Filter",
    "visible": false,
    "width": 150.0
  },
  {
    "dock_id": 0,
    "height": 600.0,
    "position_x": 3.4028234663852886e+38,
    "position_y": 3.4028234663852886e+38,
    "selected_in_dock": false,
    "title": "Add Attribute...",
    "visible": false,
    "width": 400.0
  },
  {
    "dock_id": 0,
    "height": 114.0,
    "position_x": 3.4028234663852886e+38,
    "position_y": 3.4028234663852886e+38,
    "selected_in_dock": false,
    "title": "omni.ui.scene 1896984741200",
    "visible": false,
    "width": 210.8000030517578
  }
]